[
  {
    "id": "007bac87-e35d-4b53-be37-0d588d09be88",
    "data": [
      {
        "text": "stupide",
        "userDefined": false
      }
    ],
    "isTemplate": false,
    "count": 0
  },
  {
    "id": "d59065f9-10b6-414c-b777-bf7d5258e883",
    "data": [
      {
        "text": "stupid",
        "userDefined": false
      }
    ],
    "isTemplate": false,
    "count": 0,
    "updated": 1510476996
  },
  {
    "id": "aec086d1-cdb5-40c9-9148-9c855b13070a",
    "data": [
      {
        "text": "fuck you",
        "userDefined": false
      }
    ],
    "isTemplate": false,
    "count": 0,
    "updated": 1510476996
  },
  {
    "id": "96388430-802d-4c12-85d8-8b82b5e4d7d5",
    "data": [
      {
        "text": "fuck off",
        "userDefined": false
      }
    ],
    "isTemplate": false,
    "count": 0,
    "updated": 1510476996
  },
  {
    "id": "0329181d-dbdb-4992-9938-bc7767ac8817",
    "data": [
      {
        "text": "va te faire foutre",
        "userDefined": false
      }
    ],
    "isTemplate": false,
    "count": 0,
    "updated": 1510476996
  },
  {
    "id": "d2401a1a-c520-42a8-a327-fc2e01713425",
    "data": [
      {
        "text": "blablabla",
        "userDefined": false
      }
    ],
    "isTemplate": false,
    "count": 0,
    "updated": 1510476996
  },
  {
    "id": "233b5092-4cc4-47a4-a14b-39f02262ee1a",
    "data": [
      {
        "text": "tu es idiot",
        "userDefined": false
      }
    ],
    "isTemplate": false,
    "count": 0,
    "updated": 1510476996
  }
]