[
  {
    "id": "ad289759-ba9c-4da8-8f1f-7a205f25a6b7",
    "data": [
      {
        "text": "je n\u0027ai rien compris du tout",
        "userDefined": false
      }
    ],
    "isTemplate": false,
    "count": 0
  },
  {
    "id": "7fefd53f-42ea-42e3-8ba0-786f8a92993a",
    "data": [
      {
        "text": "comment on utilise le ",
        "userDefined": false
      },
      {
        "text": "cercle trigonometric",
        "alias": "Trigonometrie_cercle",
        "meta": "@Trigonometrie_cercle",
        "userDefined": true
      }
    ],
    "isTemplate": false,
    "count": 0
  },
  {
    "id": "e92cf57f-47bf-49c8-90c3-8bc8932330f3",
    "data": [
      {
        "text": "Je n\u0027ai ",
        "userDefined": false
      },
      {
        "text": "pas compris",
        "meta": "@sys.ignore",
        "userDefined": true
      },
      {
        "text": " le ",
        "userDefined": false
      },
      {
        "text": "cercle trigonometric",
        "alias": "Trigonometrie_cercle",
        "meta": "@Trigonometrie_cercle",
        "userDefined": true
      }
    ],
    "isTemplate": false,
    "count": 0
  },
  {
    "id": "00336154-8f26-4dd8-b22a-86cf850641a4",
    "data": [
      {
        "text": "Check understanding",
        "userDefined": false
      }
    ],
    "isTemplate": false,
    "count": 0,
    "updated": 1510423775
  }
]