[
  {
    "id": "541494a2-8f93-44e9-ad3d-d3471c8c3084",
    "data": [
      {
        "text": "bonjour",
        "userDefined": false
      }
    ],
    "isTemplate": false,
    "count": 1
  },
  {
    "id": "d44e018b-21c9-47c4-9ba9-1483b1b95744",
    "data": [
      {
        "text": "hi",
        "userDefined": false
      }
    ],
    "isTemplate": false,
    "count": 0
  },
  {
    "id": "6dc90cbf-94e7-4d8a-b575-ca21078cc31a",
    "data": [
      {
        "text": "hello",
        "userDefined": false
      }
    ],
    "isTemplate": false,
    "count": 0
  },
  {
    "id": "bc2912bf-829f-46b9-afe3-dfbd4440efb6",
    "data": [
      {
        "text": "Salut",
        "userDefined": false
      }
    ],
    "isTemplate": false,
    "count": 0
  },
  {
    "id": "d70441d6-3b78-4283-ba3d-b3452420e5da",
    "data": [
      {
        "text": "Bonjour",
        "userDefined": false
      }
    ],
    "isTemplate": false,
    "count": 0
  }
]