[
  {
    "id": "23fbd4ac-1b83-4ea0-9604-c1aff100a04c",
    "data": [
      {
        "text": "j\u0027ai ",
        "userDefined": false
      },
      {
        "text": "tout compris",
        "alias": "Trigonometrie_cercle",
        "meta": "@Trigonometrie_cercle",
        "userDefined": false
      }
    ],
    "isTemplate": false,
    "count": 2
  },
  {
    "id": "bd0aea65-2c86-4f18-bfaf-9f013d886852",
    "data": [
      {
        "text": "j\u0027ai ",
        "userDefined": false
      },
      {
        "text": "compris",
        "alias": "Trigonometrie_cercle",
        "meta": "@Trigonometrie_cercle",
        "userDefined": false
      }
    ],
    "isTemplate": false,
    "count": 0
  },
  {
    "id": "c08905f6-5669-4cc2-979b-5869faa85949",
    "data": [
      {
        "text": "merci",
        "userDefined": false
      }
    ],
    "isTemplate": false,
    "count": 0
  },
  {
    "id": "c256382c-51a5-4b07-8fe6-bf2ffcb3aff5",
    "data": [
      {
        "text": "ok merci",
        "userDefined": false
      }
    ],
    "isTemplate": false,
    "count": 0
  },
  {
    "id": "732b9a20-a437-41bb-b527-66a79478640f",
    "data": [
      {
        "text": "ok",
        "alias": "Trigonometrie_cercle",
        "meta": "@Trigonometrie_cercle",
        "userDefined": false
      }
    ],
    "isTemplate": false,
    "count": 0
  }
]