[
  {
    "id": "8da59ed4-0947-4711-8e01-e461701ce199",
    "data": [
      {
        "text": "je n\u0027ai ",
        "userDefined": false
      },
      {
        "text": "pas compris",
        "alias": "Trigonometrie_cercle",
        "meta": "@Trigonometrie_cercle",
        "userDefined": false
      },
      {
        "text": " ",
        "userDefined": false
      },
      {
        "text": "la trigo",
        "alias": "Topics",
        "meta": "@Topics",
        "userDefined": false
      }
    ],
    "isTemplate": false,
    "count": 0
  },
  {
    "id": "6bba8942-1ead-427d-9e3a-22e03b37ca23",
    "data": [
      {
        "text": "les fonctions",
        "userDefined": false
      }
    ],
    "isTemplate": false,
    "count": 0
  },
  {
    "id": "84655f7b-3603-4e46-8a4c-a251757cbd7d",
    "data": [
      {
        "text": "trigonometrie",
        "alias": "Topics",
        "meta": "@Topics",
        "userDefined": false
      }
    ],
    "isTemplate": false,
    "count": 0
  },
  {
    "id": "fa9ce825-9635-47bd-b6c0-979005e21152",
    "data": [
      {
        "text": "j\u0027ai des question sur la ",
        "userDefined": false
      },
      {
        "text": "trigo",
        "alias": "Topics",
        "meta": "@Topics",
        "userDefined": true
      }
    ],
    "isTemplate": false,
    "count": 0,
    "updated": 1510481499
  },
  {
    "id": "fe5fbc03-4683-40e2-bd4d-1be3345147b8",
    "data": [
      {
        "text": "je n\u0027ai pas ",
        "userDefined": false
      },
      {
        "text": "compris",
        "meta": "@sys.ignore",
        "userDefined": false
      },
      {
        "text": " ",
        "userDefined": false
      },
      {
        "text": "la trigonometrie",
        "alias": "Topics",
        "meta": "@Topics",
        "userDefined": true
      }
    ],
    "isTemplate": false,
    "count": 0,
    "updated": 1510481499
  }
]