{"_aTracks":[{"_uiColor":3109805,"_aTrackItems":[{"factoryKey":"TrackItem","_trackSource":{"jsonPath":"/Users/ahmadibrahim/Desktop/Character Animator Project MIT/Ch Data/temp.noindex/compiler/sources/6b6a3bc7-ab69-a474-743d-763800000032.json","p":"/ProjectItems/.Parts/Character Animator Project Parts/Scene Puppet 3","classInstance":"Puppet instance","factoryKey":"PPath"},"_timeItem":{"_trimOutTime":36000,"_trimInTime":0,"_durationTime":36000,"_parentOffsetTime":0,"factoryKey":"TimeItem_001"},"_rootTrackItemPuppet":{"_behaviorBag":{"BB2":{"_instanceID":"TIB193","_bEnabled":true,"_boundBehaviorArrayID":"BB2","_egPile":{"_aPileItems":[],"factoryKey":"EventGraphPile_"},"_paramBag":[],"_bArmedForRecord":true,"factoryKey":"BehaviorInstance_001","_behaviorID":"Adobe.RigDynamicsWorld.js","_paramArmedBag":[]},"BB1":{"_instanceID":"TIB192","_bEnabled":true,"_boundBehaviorArrayID":"BB1","_egPile":{"_aPileItems":[],"factoryKey":"EventGraphPile_"},"_paramBag":[],"_bArmedForRecord":true,"factoryKey":"BehaviorInstance_001","_behaviorID":"Adobe.Box2dWorld.js","_paramArmedBag":[]}},"_children":[],"factoryKey":"PuppetInstance_001"}}],"_bUserVisible":false,"_bEnabled":true,"_maxTrackItems":1,"_bArmedForRecord":false,"_kind":"trackKind_puppet","factoryKey":"Track"},{"_uiColor":43514,"_aTrackItems":[{"factoryKey":"TrackItem","_trackSource":{"jsonPath":"/Users/ahmadibrahim/Desktop/Character Animator Project MIT/Ch Data/temp.noindex/compiler/sources/c0a1ec51-ef00-ead6-73d9-70a500000994.json","p":"/ProjectItems/Scene - Chloe (Photoshop) 3","classInstance":"Scene instance","factoryKey":"PPath"},"_timeItem":{"_trimOutTime":43.461333333334,"_trimInTime":0,"_durationTime":43.461333333334,"_parentOffsetTime":0,"factoryKey":"TimeItem_001"},"_rootTrackItemPuppet":{"_behaviorBag":[],"_children":[],"factoryKey":"PuppetInstance_001"}}],"_bUserVisible":true,"_bEnabled":true,"_maxTrackItems":1,"_bArmedForRecord":false,"_kind":"trackKind_scene","factoryKey":"Track"}],"_simulationRateFactor":1,"_framerate":12,"_sGuid":"f97e2f21-a69f-49e7-a2de-28ce1847635e","_recordingSpeed":1,"_tUiState":{"nextTrackColorIndex":2},"_scenePuppetTrackItemCPath":{"factoryKey":"CPath","p":"/ProjectItems/Scene - Scene - Chloe (Photoshop) 3:_children:_idaTracks:idaTracks1:_idaTrackItems:idaTrackItems1"},"_centeredOrigin":true,"_pixWidth":1920,"_playbackSpeed":1,"_children":{"_sceneData":{"_framerate":12,"_sGuid":"f97e2f21-a69f-49e7-a2de-28ce1847635e","_tUiState":{"nextTrackColorIndex":2},"factoryKey":"SceneData","_centeredOrigin":true,"_pixHeight":1080,"_sceneDurationSec":43.461333333334,"_pixWidth":1920,"_playbackSpeed":1,"_takeCounter":0,"_scenePuppetTrackItemCPath":{"factoryKey":"CPath","p":"/ProjectItems/Scene - Scene - Chloe (Photoshop) 3:_children:_idaTracks:idaTracks1:_idaTrackItems:idaTrackItems1"},"_recordingSpeed":1,"_simulationRateFactor":1},"_idaMarkers":{"_children":{"tRootData":{"factoryKey":"ProjectUIData_001","_nItems":0,"_lastID":0,"_sPrefix":"idaMarkers"}},"factoryKey":"IDAtomizedArray_001"}},"factoryKey":"Scene","_takeCounter":0,"_sceneDurationSec":43.461333333334,"_pixHeight":1080,"pPath":{"p":"/ProjectItems/Scene - Scene - Chloe (Photoshop) 3","factoryKey":"PPath"}}