{"_aTracks":[{"_uiColor":3109805,"_aTrackItems":[{"factoryKey":"TrackItem","_trackSource":{"jsonPath":"/Users/ahmadibrahim/Desktop/Character Animator Project MIT/Ch Data/temp.noindex/compiler/sources/e9894aa4-80b1-88d8-f2fd-475700000032.json","p":"/ProjectItems/.Parts/Character Animator Project Parts/Scene Puppet 2","classInstance":"Puppet instance","factoryKey":"PPath"},"_timeItem":{"_trimOutTime":36000,"_trimInTime":0,"_durationTime":36000,"_parentOffsetTime":0,"factoryKey":"TimeItem_001"},"_rootTrackItemPuppet":{"_behaviorBag":{"BB2":{"_instanceID":"TIB159","_bEnabled":true,"_boundBehaviorArrayID":"BB2","_egPile":{"_aPileItems":[],"factoryKey":"EventGraphPile_"},"_paramBag":[],"_bArmedForRecord":true,"factoryKey":"BehaviorInstance_001","_behaviorID":"Adobe.RigDynamicsWorld.js","_paramArmedBag":[]},"BB1":{"_instanceID":"TIB158","_bEnabled":true,"_boundBehaviorArrayID":"BB1","_egPile":{"_aPileItems":[],"factoryKey":"EventGraphPile_"},"_paramBag":[],"_bArmedForRecord":true,"factoryKey":"BehaviorInstance_001","_behaviorID":"Adobe.Box2dWorld.js","_paramArmedBag":[]}},"_children":[],"factoryKey":"PuppetInstance_001"}}],"_bUserVisible":false,"_bEnabled":true,"_maxTrackItems":1,"_bArmedForRecord":false,"_kind":"trackKind_puppet","factoryKey":"Track"},{"_uiColor":43514,"_aTrackItems":[{"factoryKey":"TrackItem","_trackSource":{"jsonPath":"/Users/ahmadibrahim/Desktop/Character Animator Project MIT/Ch Data/temp.noindex/compiler/sources/70e3174a-3b2b-4e8d-fc96-6f2900000032.json","p":"/ProjectItems/Chloe (Photoshop) 3","classInstance":"Puppet instance","factoryKey":"PPath"},"_timeItem":{"_trimOutTime":300,"_trimInTime":0,"_durationTime":300,"_parentOffsetTime":0,"factoryKey":"TimeItem_001"},"_rootTrackItemPuppet":{"_behaviorBag":{"BB2":{"_instanceID":"TIB161","_bEnabled":true,"_boundBehaviorArrayID":"BB2","_egPile":{"_aPileItems":[{"_takeID":1,"filePath":"/Users/ahmadibrahim/Desktop/Character Animator Project MIT/Ch Media/Gathered Media/take 06_38_05 pm.arf","_bEnabled":false,"_boundBehaviorArrayID":"BB2","_boundInstanceID":"TIB161","_blendEnvelope":{"_fadeOutDuration":0,"_fadeInDuration":0,"factoryKey":"BlendEnvelope"},"_bSolo":false,"factoryKey":"EventGraphPileItem_","_paramId":"cameraInput","_uiName":"take 1 - Camera Input","_timeItem":{"_maxSampleTime":30.144,"_trimOutTime":30.144,"_trimInTime":0,"_durationTime":30.144,"_parentOffsetTime":0,"factoryKey":"TimeItem_001","_minSampleTime":0},"_sourceEventGraphPPath":{"factoryKey":"PPath","p":"/.Recordings/Character Animator Project/Recordings/2017-11-12/take 06_38_05 pm.arf"}},{"_takeID":2,"filePath":"/Users/ahmadibrahim/Desktop/Character Animator Project MIT/Ch Media/Gathered Media/take 06_39_28 pm.arf","_bEnabled":false,"_boundBehaviorArrayID":"BB2","_boundInstanceID":"TIB161","_blendEnvelope":{"_fadeOutDuration":0,"_fadeInDuration":0,"factoryKey":"BlendEnvelope"},"_bSolo":false,"factoryKey":"EventGraphPileItem_","_paramId":"cameraInput","_uiName":"take 2 - Camera Input","_timeItem":{"_maxSampleTime":10.944,"_trimOutTime":10.944,"_trimInTime":0,"_durationTime":10.944,"_parentOffsetTime":32.517333333333,"factoryKey":"TimeItem_001","_minSampleTime":0},"_sourceEventGraphPPath":{"factoryKey":"PPath","p":"/.Recordings/Character Animator Project/Recordings/2017-11-12/take 06_39_28 pm.arf"}}],"factoryKey":"EventGraphPile_"},"_paramBag":[],"_bArmedForRecord":true,"factoryKey":"BehaviorInstance_001","_behaviorID":"Adobe.FaceTracker2.js","_paramArmedBag":[]},"BB3":{"_instanceID":"TIB162","_bEnabled":true,"_boundBehaviorArrayID":"BB3","_egPile":{"_aPileItems":[{"_takeID":1,"filePath":"/Users/ahmadibrahim/Desktop/Character Animator Project MIT/Ch Media/Gathered Media/take 06_38_05 pm.arf","_bEnabled":false,"_boundBehaviorArrayID":"BB3","_boundInstanceID":"TIB162","tEditedKeyframeBuckets":{"eventGraphKeyArray":["Viseme/LookaheadIndex"],"bucketMap":{"nDuration":10},"srcFileDuration":30.144,"factoryKey":"EditedKeyframeBuckets"},"_blendEnvelope":{"_fadeOutDuration":0,"_fadeInDuration":0,"factoryKey":"BlendEnvelope"},"_bSolo":false,"factoryKey":"EventGraphPileItem_","_paramId":"audioInput","_uiName":"take 1 - Audio Input","_timeItem":{"_trimOutTime":30.144,"_trimInTime":0,"_durationTime":30.144,"_parentOffsetTime":0,"factoryKey":"TimeItem_001"},"_sourceEventGraphPPath":{"factoryKey":"PPath","p":"/.Recordings/Character Animator Project/Recordings/2017-11-12/take 06_38_05 pm.arf"}},{"_takeID":2,"filePath":"/Users/ahmadibrahim/Desktop/Character Animator Project MIT/Ch Media/Gathered Media/take 06_39_28 pm.arf","_bEnabled":false,"_boundBehaviorArrayID":"BB3","_boundInstanceID":"TIB162","tEditedKeyframeBuckets":{"eventGraphKeyArray":["Viseme/LookaheadIndex"],"bucketMap":{"nDuration":10},"srcFileDuration":10.944,"factoryKey":"EditedKeyframeBuckets"},"_blendEnvelope":{"_fadeOutDuration":0,"_fadeInDuration":0,"factoryKey":"BlendEnvelope"},"_bSolo":false,"factoryKey":"EventGraphPileItem_","_paramId":"audioInput","_uiName":"take 2 - Audio Input","_timeItem":{"_trimOutTime":10.944,"_trimInTime":0,"_durationTime":10.944,"_parentOffsetTime":32.517333333333,"factoryKey":"TimeItem_001"},"_sourceEventGraphPPath":{"factoryKey":"PPath","p":"/.Recordings/Character Animator Project/Recordings/2017-11-12/take 06_39_28 pm.arf"}}],"factoryKey":"EventGraphPile_"},"_paramBag":[],"_bArmedForRecord":true,"factoryKey":"BehaviorInstance_001","_behaviorID":"Adobe.LipSync2.js","_paramArmedBag":[]},"BB8":{"_instanceID":"TIB166","_bEnabled":true,"_boundBehaviorArrayID":"BB8","_egPile":{"_aPileItems":[],"factoryKey":"EventGraphPile_"},"_paramBag":[],"_bArmedForRecord":true,"factoryKey":"BehaviorInstance_001","_behaviorID":"Adobe.Transform.js","_paramArmedBag":[]},"BB1":{"_instanceID":"TIB160","_bEnabled":true,"_boundBehaviorArrayID":"BB1","_egPile":{"_aPileItems":[{"_takeID":1,"filePath":"/Users/ahmadibrahim/Desktop/Character Animator Project MIT/Ch Media/Gathered Media/take 06_38_05 pm.arf","_bEnabled":false,"_boundBehaviorArrayID":"BB1","_boundInstanceID":"TIB160","_blendEnvelope":{"_fadeOutDuration":0,"_fadeInDuration":0,"factoryKey":"BlendEnvelope"},"_bSolo":false,"factoryKey":"EventGraphPileItem_","_paramId":"cameraInput","_uiName":"take 1 - Camera Input","_timeItem":{"_maxSampleTime":30.144,"_trimOutTime":30.144,"_trimInTime":0,"_durationTime":30.144,"_parentOffsetTime":0,"factoryKey":"TimeItem_001","_minSampleTime":0},"_sourceEventGraphPPath":{"factoryKey":"PPath","p":"/.Recordings/Character Animator Project/Recordings/2017-11-12/take 06_38_05 pm.arf"}},{"_takeID":2,"filePath":"/Users/ahmadibrahim/Desktop/Character Animator Project MIT/Ch Media/Gathered Media/take 06_39_28 pm.arf","_bEnabled":false,"_boundBehaviorArrayID":"BB1","_boundInstanceID":"TIB160","_blendEnvelope":{"_fadeOutDuration":0,"_fadeInDuration":0,"factoryKey":"BlendEnvelope"},"_bSolo":false,"factoryKey":"EventGraphPileItem_","_paramId":"cameraInput","_uiName":"take 2 - Camera Input","_timeItem":{"_maxSampleTime":10.944,"_trimOutTime":10.944,"_trimInTime":0,"_durationTime":10.944,"_parentOffsetTime":32.517333333333,"factoryKey":"TimeItem_001","_minSampleTime":0},"_sourceEventGraphPPath":{"factoryKey":"PPath","p":"/.Recordings/Character Animator Project/Recordings/2017-11-12/take 06_39_28 pm.arf"}}],"factoryKey":"EventGraphPile_"},"_paramBag":[],"_bArmedForRecord":true,"factoryKey":"BehaviorInstance_001","_behaviorID":"Adobe.EyeGaze.js","_paramArmedBag":[]},"BB9":{"_instanceID":"TIB167","_bEnabled":true,"_boundBehaviorArrayID":"BB9","_egPile":{"_aPileItems":[],"factoryKey":"EventGraphPile_"},"_paramBag":[],"_bArmedForRecord":true,"factoryKey":"BehaviorInstance_001","_behaviorID":"Adobe.Triggers.js","_paramArmedBag":[]},"BB7":{"_instanceID":"TIB165","_bEnabled":true,"_boundBehaviorArrayID":"BB7","_egPile":{"_aPileItems":[],"factoryKey":"EventGraphPile_"},"_paramBag":[],"_bArmedForRecord":true,"factoryKey":"BehaviorInstance_001","_behaviorID":"Adobe.RigDynamics.js","_paramArmedBag":[]},"BB4":{"_instanceID":"TIB163","_bEnabled":true,"_boundBehaviorArrayID":"BB4","_egPile":{"_aPileItems":[{"_takeID":1,"filePath":"/Users/ahmadibrahim/Desktop/Character Animator Project MIT/Ch Media/Gathered Media/take 06_38_05 pm.arf","_bEnabled":false,"_boundBehaviorArrayID":"BB4","_boundInstanceID":"TIB163","_blendEnvelope":{"_fadeOutDuration":0,"_fadeInDuration":0,"factoryKey":"BlendEnvelope"},"_takeGroupID":"HandleTarget/B2/B2/B4:/Draggable/","_bSolo":false,"factoryKey":"EventGraphPileItem_","_paramId":"Input","_uiName":"take 1 - Handle (Draggable)","_timeItem":{"_maxSampleTime":30.144,"_trimOutTime":30.144,"_trimInTime":0,"_durationTime":30.144,"_parentOffsetTime":0,"factoryKey":"TimeItem_001","_minSampleTime":0},"_sourceEventGraphPPath":{"factoryKey":"PPath","p":"/.Recordings/Character Animator Project/Recordings/2017-11-12/take 06_38_05 pm.arf"}},{"_takeID":1,"filePath":"/Users/ahmadibrahim/Desktop/Character Animator Project MIT/Ch Media/Gathered Media/take 06_38_05 pm.arf","_bEnabled":false,"_boundBehaviorArrayID":"BB4","_boundInstanceID":"TIB163","_blendEnvelope":{"_fadeOutDuration":0,"_fadeInDuration":0,"factoryKey":"BlendEnvelope"},"_takeGroupID":"HandleTarget/B2/B2/B3:/Draggable/","_bSolo":false,"factoryKey":"EventGraphPileItem_","_paramId":"Input","_uiName":"take 1 - Handle (Draggable)","_timeItem":{"_maxSampleTime":30.144,"_trimOutTime":30.144,"_trimInTime":0,"_durationTime":30.144,"_parentOffsetTime":0,"factoryKey":"TimeItem_001","_minSampleTime":0},"_sourceEventGraphPPath":{"factoryKey":"PPath","p":"/.Recordings/Character Animator Project/Recordings/2017-11-12/take 06_38_05 pm.arf"}}],"factoryKey":"EventGraphPile_"},"_paramBag":[],"_bArmedForRecord":true,"factoryKey":"BehaviorInstance_001","_behaviorID":"Adobe.Dragger3.js","_paramArmedBag":[]},"BB5":{"_instanceID":"TIB164","_bEnabled":true,"_boundBehaviorArrayID":"BB5","_egPile":{"_aPileItems":[],"factoryKey":"EventGraphPile_"},"_paramBag":[],"_bArmedForRecord":true,"factoryKey":"BehaviorInstance_001","_behaviorID":"Adobe.HandleFixer.js","_paramArmedBag":[]}},"_children":{"B2":{"_behaviorBag":[],"_children":{"B3":{"_behaviorBag":[],"_children":{"B3":{"_behaviorBag":[],"_children":{"B2":{"_behaviorBag":{"BB1":{"_instanceID":"TIB168","_bEnabled":true,"_boundBehaviorArrayID":"BB1","_egPile":{"_aPileItems":[],"factoryKey":"EventGraphPile_"},"_paramBag":[],"_bArmedForRecord":true,"factoryKey":"BehaviorInstance_001","_behaviorID":"Adobe.CycleLayers.js","_paramArmedBag":[]}},"_children":[],"factoryKey":"PuppetInstance_001"}},"factoryKey":"PuppetInstance_001"}},"factoryKey":"PuppetInstance_001"}},"factoryKey":"PuppetInstance_001"}},"factoryKey":"PuppetInstance_001"}}],"_bUserVisible":true,"_bEnabled":true,"_maxTrackItems":1,"_bArmedForRecord":true,"_kind":"trackKind_puppet","factoryKey":"Track"},{"_uiColor":41110,"_aTrackItems":[{"_takeID":1,"_rootTrackItemPuppet":{"_behaviorBag":[],"_children":[],"factoryKey":"PuppetInstance_001"},"factoryKey":"TrackItem","_trackSource":{"jsonPath":"/Users/ahmadibrahim/Desktop/Character Animator Project MIT/Ch Data/temp.noindex/compiler/sources/e2b851f9-3a27-6689-d3f7-d03b00000075.json","p":"/ProjectItems/Recordings/2017-11-12/take 06_38_05 pm.wav","classInstance":"AudioFile instance","factoryKey":"PPath"},"_uiName":"take 1 - Audio","_timeItem":{"_trimOutTime":30.144,"_trimInTime":0,"_durationTime":30.144,"_parentOffsetTime":0,"factoryKey":"TimeItem_001"}}],"_bUserVisible":true,"_bEnabled":true,"_maxTrackItems":1e+666,"_bArmedForRecord":false,"_kind":"trackKind_audio","factoryKey":"Track"},{"_uiColor":41110,"_aTrackItems":[{"_takeID":2,"_rootTrackItemPuppet":{"_behaviorBag":[],"_children":[],"factoryKey":"PuppetInstance_001"},"factoryKey":"TrackItem","_trackSource":{"jsonPath":"/Users/ahmadibrahim/Desktop/Character Animator Project MIT/Ch Data/temp.noindex/compiler/sources/c176e7cf-e95e-6791-5f32-84ee00000075.json","p":"/ProjectItems/Recordings/2017-11-12/take 06_39_28 pm.wav","classInstance":"AudioFile instance","factoryKey":"PPath"},"_uiName":"take 2 - Audio","_timeItem":{"_trimOutTime":10.944,"_trimInTime":0,"_durationTime":10.944,"_parentOffsetTime":32.517333333333,"factoryKey":"TimeItem_001"}}],"_bUserVisible":true,"_bEnabled":true,"_maxTrackItems":1e+666,"_bArmedForRecord":false,"_kind":"trackKind_audio","factoryKey":"Track"}],"_simulationRateFactor":1,"_framerate":12,"_sGuid":"f4262d30-8cc8-45d2-af9a-2801b7636e37","_recordingSpeed":1,"_tUiState":{"nextTrackColorIndex":2},"_scenePuppetTrackItemCPath":{"factoryKey":"CPath","p":"/ProjectItems/Scene - Chloe (Photoshop) 3:_children:_idaTracks:idaTracks1:_idaTrackItems:idaTrackItems1"},"_centeredOrigin":true,"_pixWidth":1920,"_playbackSpeed":1,"_children":{"_sceneData":{"_framerate":12,"_sGuid":"f4262d30-8cc8-45d2-af9a-2801b7636e37","_tUiState":{"nextTrackColorIndex":2},"factoryKey":"SceneData","_centeredOrigin":true,"_pixHeight":1080,"_sceneDurationSec":43.461333333334,"_pixWidth":1920,"_playbackSpeed":1,"_takeCounter":2,"_scenePuppetTrackItemCPath":{"factoryKey":"CPath","p":"/ProjectItems/Scene - Chloe (Photoshop) 3:_children:_idaTracks:idaTracks1:_idaTrackItems:idaTrackItems1"},"_recordingSpeed":1,"_simulationRateFactor":1},"_idaMarkers":{"_children":{"tRootData":{"factoryKey":"ProjectUIData_001","_nItems":0,"_lastID":0,"_sPrefix":"idaMarkers"}},"factoryKey":"IDAtomizedArray_001"}},"factoryKey":"Scene","_takeCounter":2,"_sceneDurationSec":43.461333333334,"_pixHeight":1080,"pPath":{"p":"/ProjectItems/Scene - Chloe (Photoshop) 3","factoryKey":"PPath"}}