{"paths":[],"puppet":{"type":"Puppet","ppath":"/ProjectItems/.Parts/Character Animator Project Parts/Scene Puppet 2","triggerGroups":[],"warpDomain":"auto","warpHash":"84a05c6e-45f2-1b2c-def0-d82900000034","layers":[],"name":"Scene Puppet 2","warpMinTriangleAreaHint":4,"handle":{"tagBackstageId":"/origin","anchor":[0,0],"name":"/origin","origin":[0,0],"originParent_Local":[0,0],"writable":true,"children":[],"locations":[[0,0]]},"behaviors":[{"boundBehaviorArrayID":"BB1","puppetBehaviorParams":[],"behaviorPPath":"/$Behaviors/Adobe.Box2dWorld.js","aProjectBehaviorParams":[{"id":"walls","type":"checkbox","dephault":true,"uiName":"$$$/private/animal/Behavior/Box2d/World/Parameter/walls=Add Walls"},{"min":60,"type":"slider","uiName":"$$$/private/animal/Behavior/Box2d/World/Parameter/fps=Simulation FPS","id":"fps","precision":1,"dephault":60,"max":1000}],"behaviorRef":"behaviors/Adobe.Box2dWorld.js","puppetBehaviorCPath":"/ProjectItems/.Parts/Character Animator Project Parts/Scene Puppet 2:_aBoundBehaviors:BB1"},{"boundBehaviorArrayID":"BB2","puppetBehaviorParams":[],"behaviorPPath":"/$Behaviors/Adobe.RigDynamicsWorld.js","aProjectBehaviorParams":[{"min":0,"type":"slider","uiName":"$$$/animal/Behavior/RigDynamicsWorld/Parameter/pin=Attachment Strength","id":"pin","precision":0,"dephault":100,"max":10000},{"min":0,"type":"slider","uiName":"$$$/animal/Behavior/RigDynamicsWorld/Parameter/iterations=Number of Iterations","max":1000,"id":"iterations","precision":0,"dephault":10,"hidden":true},{"uiName":"$$$/animal/Behavior/RigDynamicsWorld/Parameter/reset=Reset","type":"checkbox","id":"reset","dephault":false,"hidden":true}],"behaviorRef":"behaviors/Adobe.RigDynamicsWorld.js","puppetBehaviorCPath":"/ProjectItems/.Parts/Character Animator Project Parts/Scene Puppet 2:_aBoundBehaviors:BB2"}],"warpMeshExpansion":0},"images":[],"graphics":[]}