[
  {
    "value": "equation",
    "synonyms": [
      "equation",
      "resoudre"
    ]
  },
  {
    "value": "cercle trigonometric",
    "synonyms": [
      "cercle trigonometrique",
      "points associes",
      "angles associes",
      "determination principale"
    ]
  },
  {
    "value": "reductions des angles",
    "synonyms": [
      "reductions des angles",
      "pi"
    ]
  },
  {
    "value": "cosinus",
    "synonyms": [
      "cosinus",
      "cos",
      "cos2"
    ]
  },
  {
    "value": "sinus",
    "synonyms": [
      "sinus",
      "sin",
      "sin2"
    ]
  }
]