[
  {
    "value": "Excellent",
    "synonyms": [
      "Excellent",
      "tout compris"
    ]
  },
  {
    "value": "Good",
    "synonyms": [
      "Good",
      "compris",
      "ok"
    ]
  },
  {
    "value": "Average",
    "synonyms": [
      "Average",
      "un peu",
      "peut etre"
    ]
  },
  {
    "value": "Poor",
    "synonyms": [
      "Poor",
      "pas compris"
    ]
  },
  {
    "value": "NotAtAll",
    "synonyms": [
      "NotAtAll",
      "rien compris",
      "pas du tout"
    ]
  }
]